"OBJECTID","Shape_Length","Shape_Area","GEOID","Vulnerability_Score","Vulnerable_Tract","Percent_People_of_Color","Percent_Black_and_or_Indigenous","Percent_Adults_without_a_4_year_Degree","Adjusted_Household_Income","Percent_Households_with_Limited_English","Percent_Persons_with_Disabilities","Percent_Persons_65_and_Older","Percent_Persons_21_and_Younger","Percent_Housing_Cost_Burdened","GEOID_DOUBLE","Total_People_of_Color","Total_Black_and_or_Indigenous_Persons","Total_Adults_No_4_Yr_Degree","Total_Households_with_Limited_English","Total_Persons_with_a_Disability","Total_Persons_Aged_65_and_Older","Total_Persons_Aged_21_and_Younger","Total_Housing_Cost_Burdened","Total_Population","Total_Households","Total_Civilian_Noninstitutionalized_Pop","Total_Population_Aged_25_and_Older","Owner_Renter_Occupied_Units","PRECINCT","PRECINCTID","DISTRICT"
1,5843.77393305408,1863835.44961657,"41051000101",30,"0",14.7160338877,0.75305930342,26.8581081081,59506.4285714,0,11.5507338864,14.4963915908,19.9560715406,39.8119122257,41051000101,469,24,636,0,362,462,636,635,3187,1595,3134,2368,1595,"65 ","M4102","4"
2,15214.7659353588,10009260.5211892,"41051000102",16,"0",14.1217298452,0.934329951949,27.9658119658,64244.589734,1.68702734148,5.4191137213,17.8857447944,18.8467698879,26.4107038976,41051000102,529,35,818,29,203,670,706,454,3746,1719,3746,2925,1719,"22 ","M4105","4"
3,7159.64783462533,2461709.86002448,"41051000201",43,"0",23.7970711297,2.82426778243,44.1209829868,52969.8191115,6.50960942343,15.8472803347,13.4152719665,26.5428870293,30.1301921885,41051000201,910,108,1167,105,606,513,1015,486,3824,1613,3824,2645,1613,"22 ","M4105","4"
4,7123.92110111307,2389166.53767946,"41051000202",23,"0",18.940316687,0.669914738124,39.3976393976,54123.4176028,2.29386236826,10.7795371498,17.0523751523,20.9805115713,21.5747055177,41051000202,622,22,968,37,354,560,689,348,3284,1613,3284,2457,1613,"22 ","M4105","4"
5,9908.22005215785,4736435.69327673,"41051000301",56,"0",22.1014492754,7.4016563147,45.3576437588,58104.8037971,0.6416131989,15.9936238045,13.4403036577,32.6432022084,42.6672777269,41051000301,1281,429,1617,14,903,779,1892,931,5796,2182,5646,3565,2182,"66 ","M4103","4"
6,10820.0150818281,6540338.11531387,"41051000302",0,"0",12.5609756098,0.663956639566,24.0614334471,115130.900882,0.56412185032,9.25474254743,18.6449864499,27.6693766938,16.0210605491,41051000302,927,49,1269,15,683,1376,2042,426,7380,2659,7380,5274,2659,"6 ","M4101","4"
7,7100.63575125167,2759598.3026221,"41051000401",34,"0",16.5595268707,0.848547184366,39.0868596882,61264.1573579,0.464499004645,15.3588022716,10.542555927,23.9650295706,41.4067684141,41051000401,644,33,1053,7,595,410,932,624,3889,1507,3874,2694,1507,"40 ","M4104","3"
8,6771.52116233461,2381304.67196318,"41051000402",26,"0",20.2193475816,0.421822272216,43.1546471269,62121.574173,2.20349967596,10.5011261261,9.78627671541,23.5095613048,30.2009073234,41051000402,719,15,1119,34,373,348,836,466,3556,1543,3552,2593,1543,"40 ","M4104","3"
9,6438.55357301911,2294897.07229505,"41051000501",49,"0",23.324711968,4.06771690571,45.646110939,60966.4620067,1.03373231774,8.11192099694,8.01786973901,20.6442511169,37.4319912949,41051000501,992,173,1473,19,345,341,878,688,4253,1838,4253,3227,1838,"23 ","M4603","3"
10,8488.12007249274,2922862.09362464,"41051000502",55,"0",37.6762786782,3.89391707009,55.2501374382,55619.8392986,2.0297029703,17.2174279099,14.4601136603,21.7427909914,30,41051000502,1790,185,2010,41,818,687,1033,606,4751,2020,4751,3638,2020,"23 ","M4603","3"
11,8551.37988493319,4136198.10090384,"41051000601",78,"1",39.5015241169,9.87986372602,67.468385817,48630.0735485,7.52293577982,14.6135915367,8.14057737135,25.0313788775,39.3119266055,41051000601,2203,551,2721,164,815,454,1396,857,5577,2180,5577,4033,2180,"1 ","M4607","1"
12,8965.17377521931,3373778.34458271,"41051000602",87,"1",39.9717514124,6.35593220339,75.0932835821,39200.9227657,7.51359367276,16.2683660825,10.2048022599,18.7853107345,45.921898171,41051000602,2264,360,3220,152,919,578,1064,929,5664,2023,5649,4288,2023,"54 ","M4605","1"
13,7062.82641997696,2899159.24888402,"41051000701",53,"0",30.0385630201,6.33245382586,50.8897742364,58354.7162079,2.13293650794,11.8936472498,14.7351329409,18.5305459712,31.498015873,41051000701,1480,312,1916,43,586,726,913,635,4927,2016,4927,3765,2016,"68 ","M4601","3"
14,7234.36609806132,2865817.96967378,"41051000702",54,"0",35.7065413806,5.61980484279,53.1123139378,57333.2812166,8.52534562212,14.3245693563,12.7936393206,17.7809902421,29.2626728111,41051000702,1976,311,2355,185,790,708,984,635,5534,2170,5515,4434,2170,"47 ","M4602","3"
15,7640.34600807013,3173296.90404553,"41051000801",14,"0",16.1429186397,1.72191132157,36.4054054054,79192.8642447,1.63226116179,19.4791218252,12.3116659492,17.2621609987,21.0753720595,41051000801,750,80,1347,34,905,572,802,439,4646,2083,4646,3700,2083,"47 ","M4602","3"
16,7489.5140280498,2709179.39045836,"41051000802",51,"0",26.0860215054,1.74193548387,50.8348794063,54150.350554,7.54189944134,6.38709677419,8.10752688172,16.1720430108,40.4562383613,41051000802,1213,81,1918,162,297,377,752,869,4650,2148,4650,3773,2148,"70 ","M4203","3"
17,6086.72447789322,2294326.63210984,"41051000901",22,"0",20.7114026236,0.882946518668,28.3902439024,76120.3545296,0.760043431053,4.59624174708,11.5539858729,20.2573158426,33.3333333333,41051000901,821,35,873,14,181,458,803,614,3964,1842,3938,3075,1842,"70 ","M4203","3"
18,6147.52266307563,2038271.77006054,"41051000902",64,"1",34.5604808415,4.63936889557,51.7410495341,54902.2071811,1.964367291,14.632757639,6.61157024793,18.1066867017,41.3887619918,41051000902,1840,247,2110,43,771,352,964,906,5324,2189,5269,4078,2189,"59 ","M4206","3"
19,9113.43765963804,5197213.01858271,"41051001000",35,"0",21.7942133196,2.56805341551,48.1719050674,62452.938857,1.03527607362,9.58739941791,9.50179763739,16.0246533128,28.2975460123,41051001000,1273,150,2253,27,560,555,936,738,5841,2608,5841,4677,2608,"59 ","M4206","3"
20,10038.7403741553,3411474.48639208,"41051001101",57,"0",26.5531062124,2.93921175685,46.9049373618,49372.878784,0,20.6412825651,4.17501670007,3.20641282565,41.2474849095,41051001101,795,88,1273,0,618,125,96,820,2994,1988,2994,2714,1988,"55 ","M4201","3"
21,5364.31937508885,1688510.54639301,"41051001102",41,"0",21.1721611722,3.88278388278,26.2697022767,69763.3980897,3.24858757062,12.4539425203,13.1868131868,11.8681318681,41.384180791,41051001102,289,53,300,23,169,180,162,293,1365,708,1357,1142,708,"55 ","M4201","3"
22,5732.02751188033,1901588.79511728,"41051001202",3,"0",12.2922546253,0,32.3759791123,97808.9220906,0,5.487613672,19.6926936344,14.330511132,25.124910778,41051001202,392,0,868,0,175,628,457,352,3189,1401,3189,2681,1401,"21 ","M4202","3"
23,4224.77175786226,765241.584848952,"41051001203",28,"0",7.65926986399,3.54330708661,37.9644588045,68037.5857074,0,16.0977362558,9.80672870437,6.29921259843,31.5581854043,41051001203,214,99,940,0,448,274,176,480,2794,1521,2783,2476,1521,"21 ","M4202","3"
24,4654.06010451523,1123762.85685443,"41051001204",51,"0",27.3871983211,2.65827212312,34.5631891433,55745.7010686,0,7.83621602541,8.74431619447,4.12731724379,44.0789473684,41051001204,783,76,815,0,222,250,118,670,2859,1520,2833,2358,1520,"21 ","M4202","3"
25,4949.45367663058,1516955.63893635,"41051001301",29,"0",12.4557857504,1.79383527034,32.5178997613,64009.4950235,1.26008064516,7.7552097072,11.419909045,12.1526023244,36.9959677419,41051001301,493,71,1090,25,294,452,481,734,3958,1984,3791,3352,1984,"3 ","M4207","3"
26,4972.03012886369,1543214.09660785,"41051001302",11,"0",18.2341650672,0.0274197970935,26.2057335582,80044.9822648,0,8.7524312309,8.80175486701,16.6163970387,29.2800967937,41051001302,665,1,777,0,315,321,606,484,3647,1653,3599,2965,1653,"71 ","M4204","3"
27,7090.14541251166,2474981.15538035,"41051001400",35,"0",23.5468956407,3.43461030383,31.4093111439,71580.5679861,1.62019593067,8.89109238142,10.6175693527,17.0409511229,33.1198191409,41051001400,1426,208,1491,43,538,643,1032,879,6056,2654,6051,4747,2654,"71 ","M4204","3"
28,5936.65637147615,1997232.92856615,"41051001500",21,"0",18.2020595603,4.39743946563,24.7058823529,88844.7469612,0.801603206413,6.56013456686,12.9418313387,23.0448093515,25.1169004676,41051001500,654,158,672,12,234,465,828,376,3593,1497,3567,2720,1497,"68 ","M4601","3"
29,10017.7128078178,5995832.34822717,"41051001601",29,"0",24.6941771326,0.603490458327,43.4115138593,60612.9671051,1.92081536652,12.6398397061,19.9804273365,20.2740172892,28.6162289298,41051001601,1514,37,2036,49,757,1225,1243,730,6131,2551,5989,4690,2551,"68 ","M4601","3"
30,7577.93715246773,3395035.47355932,"41051001602",74,"1",46.524822695,7.17325227964,55.7294429708,50106.9468624,7.75733465937,15.4843940008,10.6180344478,20.7700101317,40.5271009448,41051001602,2296,354,2101,156,764,524,1025,815,4935,2011,4934,3770,2011,"11 ","M4606","1"
31,7604.74998289428,2729418.528651,"41051001702",60,"1",35.5911022244,6.37340664834,52.0702219278,50276.3536426,4.74111041797,11.4471382154,9.97250687328,21.2196950762,31.2538989395,41051001702,1424,255,1572,76,458,399,849,501,4001,1603,4001,3019,1603,"26 ","M4506","3"
32,6939.52713567161,2447080.46380574,"41051001703",63,"1",32.1688866549,4.72480522744,37.2747391717,44845.9805705,2.00527704485,15.4058808746,13.5461171149,20.2060819301,41.8469656992,41051001703,1280,188,1179,38,613,539,804,793,3979,1895,3979,3163,1895,"26 ","M4506","3"
33,5290.1833202687,1659057.50961116,"41051001704",33,"0",17.7090909091,5.89090909091,46.1036134088,61884.8483579,1.49606299213,15.2363636364,8.10909090909,13.0545454545,20.7086614173,41051001704,487,162,1059,19,419,223,359,263,2750,1270,2750,2297,1270,"26 ","M4506","3"
34,9779.6393557864,2400454.06783847,"41051001801",39,"0",19.2619047619,0.738095238095,48.415393322,58995.332968,0,14.296223639,12.2380952381,12.8095238095,39.322533137,41051001801,809,31,1711,0,583,514,538,801,4200,2037,4078,3534,2037,"77 ","M4505","3"
35,7510.17624793256,2205665.68549603,"41051001802",24,"0",20.7547169811,1.34770889488,33.2428765265,67894.4123594,0.650502661147,11.3444232343,18.8679245283,19.0296495957,28.8586635127,41051001802,770,50,980,11,416,700,706,488,3710,1691,3667,2948,1691,"72 ","M4208","3"
36,8078.89949076339,3630145.74046037,"41051001900",2,"0",13.3712939328,0.353426271353,23.5776805252,104969.556159,0,5.87080306303,17.1804437463,27.5279795798,22.4365482234,41051001900,681,18,862,0,299,875,1402,442,5093,1970,5093,3656,1970,"3 ","M4207","3"
37,6069.27828694023,1349469.90653029,"41051002001",32,"0",17.2385283175,0.496072757338,27.4146341463,55916.0819772,0.657354149548,10.2108309219,11.9470855726,13.4353038446,40.0164338537,41051002001,417,12,562,8,247,289,325,487,2419,1217,2419,2050,1217,"45 ","M4205","3"
38,5273.91452972818,1586803.90099307,"41051002002",57,"0",41.8367346939,0.408163265306,42.2480620155,45839.4500482,0,11.7556468172,8.03571428571,10.3571428571,47.8723404255,41051002002,1640,16,1308,0,458,315,406,1125,3920,2350,3896,3096,2350,"45 ","M4205","3"
39,7431.11695491871,2019303.80270518,"41051002101",48,"0",29.8122065728,3.57981220657,34.9476439791,61331.3895867,5.37313432836,36.4570737606,3.69718309859,2.81690140845,36.4179104478,41051002101,508,61,534,54,603,63,48,366,1704,1005,1654,1528,1005,"45 ","M4205","3"
40,5098.30166362078,1459664.19351995,"41051002102",59,"0",24.0766713417,5.37634408602,35.1168831169,50502.9941402,0.411240575737,11.5474520804,9.35016362786,4.48807854137,51.4736120631,41051002102,515,115,676,6,247,200,96,751,2139,1459,2139,1925,1459,"45 ","M4205","3"
41,7963.70654650025,2877265.75312857,"41051002203",48,"0",27.8940338379,10.8860195904,26.267281106,64505.8558178,0.638841567291,11.0188509874,6.16651825467,14.1807658059,35.4344122658,41051002203,1253,489,969,15,491,277,637,832,4492,2348,4456,3689,2348,"46 ","M4302","2"
42,10285.5475030405,4488526.33224336,"41051002303",71,"1",31.5633423181,7.65498652291,46.7940414508,46075.3026362,3.74106767549,21.200333426,13.935309973,11.4285714286,50.3572929802,41051002303,1171,284,1445,89,763,517,424,1198,3710,2379,3599,3088,2379,"46 ","M4302","2"
43,5459.36988289241,1716846.20528785,"41051002401",22,"0",18.7808896211,4.34925864909,24.9788314987,98824.3905248,0.730519480519,4.87644151565,14.2009884679,19.9670510708,26.3798701299,41051002401,570,132,590,9,148,431,606,325,3035,1232,3035,2362,1232,"28 ","M4304","2"
44,6069.19760306648,1837255.61694093,"41051002402",56,"0",29.2447129909,7.61329305136,37.3600271463,55479.2566565,1.02301790281,17.1463563993,23.3534743202,8.7915407855,36.6751918159,41051002402,968,252,1101,20,560,773,291,717,3310,1955,3266,2947,1955,"28 ","M4304","2"
45,6648.93997727502,2728322.92738635,"41051002501",5,"0",16.5054667788,1.24053826745,17.9199078075,127525.025903,0,5.06728343146,20.3111858705,26.4087468461,18.8850967008,41051002501,785,59,622,0,241,966,1256,332,4756,1758,4756,3471,1758,"7 ","M4306","2"
46,6162.54662961462,2267907.47426295,"41051002502",36,"0",21.4651525273,4.94321977288,29.1336353341,64296.0249369,0.69595476294,5.88497547927,11.8459140503,15.2527276776,31.4919530231,41051002502,964,222,1029,16,264,532,685,724,4491,2299,4486,3532,2299,"7 ","M4306","2"
47,6738.57991922765,2096934.19502817,"41051002600",20,"0",21.7494089835,4.49172576832,24.7134342045,90199.9616021,0.765957446809,5.80884836204,21.7494089835,23.5393448159,19.4042553191,41051002600,644,133,539,9,172,644,697,228,2961,1175,2961,2181,1175,"2 ","M4501","2"
48,5555.56649182895,1860706.90888376,"41051002701",10,"0",13.6127355426,1.94931773879,25.6183745583,104331.09056,0,9.09681611436,17.3489278752,24.4964262508,23.6134453782,41051002701,419,60,580,0,280,534,754,281,3078,1190,3078,2264,1190,"2 ","M4501","2"
49,6141.81317970959,1746614.45736538,"41051002702",45,"0",23.4224304216,6.44805731607,28.9070480082,55603.4533671,1.5881147541,11.6285478093,20.0330669606,16.5885918986,31.6086065574,41051002702,850,234,849,31,422,727,602,617,3629,1952,3629,2937,1952,"12 ","M4502","2"
50,5588.31878579593,1869426.26400839,"41051002801",15,"0",16.1552911709,1.37758296807,32.0560362588,77759.3435149,0,8.54727614277,18.6599874765,22.0726361929,25.9441707718,41051002801,516,44,778,0,273,596,705,316,3194,1218,3194,2427,1218,"12 ","M4502","2"
51,6087.72672346728,2002490.12794598,"41051002802",22,"0",19.5843828715,2.1725440806,37.8491037932,75352.6922944,0,11.4294710327,14.2632241814,22.6700251889,25.5144032922,41051002802,622,69,908,0,363,453,720,310,3176,1215,3176,2399,1215,"12 ","M4502","2"
52,8063.03819217334,3132273.3878685,"41051002901",37,"0",23.7142857143,3.07692307692,44.9754585378,72333.5333017,1.86274509804,8.573312816,14.7692307692,14.1978021978,32.4509803922,41051002901,1079,140,1741,38,390,672,646,662,4550,2040,4549,3871,2040,"30 ","M4503","3"
53,11429.4028061134,5140468.05728068,"41051002902",41,"0",22.2605965463,0.376766091052,46.1144145991,52707.7783509,2.86635614475,12.6687598116,13.1240188383,20.8163265306,39.089931924,41051002902,1418,24,2249,80,807,836,1326,1091,6370,2791,6370,4877,2791,"30 ","M4503","3"
54,9851.0084541829,5973505.66787629,"41051002903",63,"1",21.1628425039,3.5865448875,66.9064748201,49741.5028959,6.36908002177,12.8494138864,15.9278235687,25.1503675652,43.6037016875,41051002903,950,161,2139,117,570,715,1129,801,4489,1837,4436,3197,1837,"30 ","M4503","3"
55,8098.53751590309,3328874.72187697,"41051003000",34,"0",25.5574614065,7.77587192682,43.2997118156,76935.7723713,0,7.94739851344,16.3140842386,19.4206213074,19.5450324977,41051003000,1341,408,1803,0,417,856,1019,421,5247,2154,5247,4164,2154,"2 ","M4501","2"
56,7390.1265861369,2620556.42745284,"41051003100",16,"0",16.1458333333,2.29552469136,33.9497392129,86961.1445641,0,6.35748792271,14.949845679,18.0169753086,24.6710526316,41051003100,837,119,1432,0,329,775,934,525,5184,2128,5175,4218,2128,"73 ","M4305","2"
57,7138.2755678614,2335999.99390764,"41051003200",29,"0",24.4671403197,9.54706927176,30.3671071953,86124.8746422,0,4.32948490231,9.65808170515,23.2238010657,20.2574146614,41051003200,1102,430,1034,0,195,435,1046,362,4504,1787,4504,3405,1787,"73 ","M4305","2"
58,4912.58631223664,1512027.10195197,"41051003301",57,"0",36.5354330709,14.1102362205,47.4716652136,66840.4417811,2.11930926217,9.70078740157,6.55118110236,23.6535433071,33.7519623234,41051003301,1160,448,1089,27,308,208,751,430,3175,1274,3175,2294,1274,"43 ","M4303","2"
59,4853.41626619561,1432607.08559325,"41051003302",58,"0",40.8055622153,16.6866458883,47.7417078335,55898.8922655,0,13.3541117238,7.43227043874,17.7175737233,26.7441860465,41051003302,1702,696,1353,0,557,310,739,414,4171,1548,4171,2834,1548,"43 ","M4303","2"
60,5668.87144884571,1946432.95408197,"41051003401",53,"0",37.5275330396,18.1442731278,36.0817477097,73267.0877272,5.58139534884,11.4537444934,9.36123348018,17.7037444934,35.0581395349,41051003401,1363,659,1024,96,416,340,643,603,3632,1720,3632,2838,1720,"67 ","M4301","2"
61,5210.18774579773,1576735.64803051,"41051003402",52,"0",41.8993185315,14.3767861068,39.6467391304,70710.6781187,0.441696113074,15.0582545614,5.10002198285,13.5854033854,30.6978798587,41051003402,1906,654,1459,10,685,232,618,695,4549,2264,4549,3680,2264,"46 ","M4302","2"
62,7275.69208282505,2622000.42356593,"41051003501",32,"0",24.234209813,7.40037950664,36.8964368964,72182.5750142,0.588235294118,15.0447275684,10.0569259962,14.882081865,20.9411764706,41051003501,894,273,1108,10,555,371,549,356,3689,1700,3689,3003,1700,"17 ","M4404","2"
63,7712.10770789404,2377371.20742359,"41051003502",52,"0",28.865652725,15.3992395437,41.0063391442,66471.2314713,2.68774703557,20.9442332066,14.2585551331,14.5120405577,34.0711462451,41051003502,911,486,1035,34,661,450,458,431,3156,1265,3156,2524,1265,"79 ","M4405","2"
64,8020.16221384761,3333320.8265822,"41051003601",45,"0",29.7166551486,12.0709513937,44.082582146,69284.8875587,0.967585873246,12.0248790601,8.06265837365,18.6592950933,27.0440251572,41051003601,1290,524,1516,20,522,350,810,559,4341,2067,4341,3439,2067,"43 ","M4303","2"
65,8999.22434090985,4510117.46267648,"41051003602",55,"0",32.7698309493,17.0640080913,40.7940044561,72229.6991196,0,7.67004341534,9.01603814478,26.2823291432,37.7136752137,41051003602,2268,1181,2014,0,530,624,1819,1059,6921,2808,6910,4937,2808,"73 ","M4305","2"
66,5398.35998602351,1651662.20879396,"41051003603",51,"0",29.5677233429,12.5648414986,45.7223001403,62463.57021,1.25786163522,7.27810650888,18.9625360231,16.5994236311,29.8742138365,41051003603,513,218,652,8,123,329,288,190,1735,636,1690,1426,636,"56 ","M4307","2"
67,7032.19442639286,3012574.99251383,"41051003701",77,"1",41.3785100951,14.8526340218,49.5402619114,51084.3178855,3.63724539282,15.7657657658,13.8083081922,15.6184729636,53.7827352085,41051003701,1783,640,1778,75,665,595,673,1109,4309,2062,4218,3589,2062,"79 ","M4405","2"
68,5312.02334022572,1732308.50721049,"41051003702",42,"0",29.134720701,21.3216502373,32.0481927711,83978.7104545,0,15.4801022271,16.1372763782,21.3946695874,30.8325709058,41051003702,798,584,665,0,424,442,586,337,2739,1093,2739,2075,1093,"67 ","M4301","2"
69,6747.95678381447,2525765.89655003,"41051003801",59,"0",28.7641268684,9.73386802771,44.4139194139,54846.7969962,0,10.3536274152,10.3536274152,19.6500182282,36.2992125984,41051003801,789,267,970,0,284,284,539,461,2743,1270,2743,2184,1270,"78 ","M4401","2"
70,6230.73312155025,2262934.39185745,"41051003802",40,"0",26.1534261534,3.3033033033,45.1293759513,63952.2187739,0,5.13240513241,10.8654108654,14.196014196,29.958677686,41051003802,958,121,1186,0,188,398,520,435,3663,1452,3663,2628,1452,"79 ","M4405","2"
71,6670.48689915734,2511881.34152601,"41051003803",43,"0",29.940688019,8.92052194543,35.515992758,73613.4785281,3.49686847599,4.79240806643,11.7674970344,16.5361803084,30.3235908142,41051003803,1262,376,1177,67,202,496,697,581,4215,1916,4215,3314,1916,"17 ","M4404","2"
72,9456.12687836701,2308860.57579824,"41051003902",34,"0",32.4973319104,5.14941302028,42.2956521739,86950.9644203,0.622837370242,11.8196371398,14.3543223052,20.8911419424,20.4844290657,41051003902,1218,193,1216,9,443,538,783,296,3748,1445,3748,2875,1445,"17 ","M4404","2"
73,7880.82022506855,2672409.84794786,"41051003903",51,"0",36.706901888,20.2414113278,45.6201550388,62948.9590243,0,13.746130031,13.2157226865,19.3748065614,25.1607717042,41051003903,1186,654,1177,0,444,427,626,313,3231,1244,3230,2580,1244,"25 ","M4403","2"
74,6719.06269767363,2431433.07959065,"41051003904",42,"0",26.7639902676,3.9902676399,43.8512869399,70816.2830967,0,7.17761557178,8.75912408759,18.6131386861,33.7918660287,41051003904,1100,164,1380,0,295,360,765,565,4110,1672,4110,3147,1672,"78 ","M4401","2"
75,10804.9323994063,6428058.49394703,"41051004002",53,"0",36.7425934197,6.95250856037,46.8187660668,57301.1277333,0.89928057554,11.4226066209,7.97975286586,49.7990174185,28.1774580336,41051004002,2468,467,1457,15,766,536,3345,470,6717,1668,6706,3112,1668,"25 ","M4403","2"
76,8302.92337096618,3764089.25102153,"41051004003",93,"1",57.9584120983,25.1669817265,67.0987038883,35670.1098791,3.64285714286,14.5509662751,8.531821046,33.7618147448,51.4285714286,41051004003,4599,1997,3365,102,1152,677,2679,1440,7935,2800,7917,5015,2800,"25 ","M4403","2"
77,9045.46919490018,4431287.40808793,"41051004102",58,"0",26.8936170213,2.02127659574,48.470043713,51053.1593299,0,12.170212766,11.5957446809,14.7021276596,50.8296943231,41051004102,1264,95,1885,0,572,545,691,1164,4700,2290,4700,3889,2290,"69 ","M3308","2"
78,15361.0096983858,6541255.36515065,"41051004103",69,"1",49.4109160856,14.7150757394,54.9767750498,56081.25,0.739827373613,9.18293564714,12.0702091849,26.7131522,33.9087546239,41051004103,2055,612,1657,12,381,502,1111,550,4159,1622,4149,3014,1622,"49 ","M4402","2"
79,13765.4081914945,9151425.51221438,"41051004104",94,"1",61.8899858956,29.2806770099,70.0573065903,31017.3485619,5.96330275229,13.7940761636,7.81382228491,40.4231311707,45.7951070336,41051004104,2194,1038,1467,78,489,277,1433,599,3545,1308,3545,2094,1308,"49 ","M4402","2"
80,10481.3241854547,4670918.3416431,"41051004200",48,"0",31.210653753,3.12348668281,45.6227967098,59092.1672904,0,14.6359223301,8.11138014528,13.8740920097,33.1784386617,41051004200,1289,129,1553,0,603,335,573,714,4130,2152,4120,3404,2152,"69 ","M3308","2"
81,52384.1774502721,57628361.5001483,"41051004300",17,"0",13.3398247322,0.389483933788,38.96882494,76020.880125,0,8.66601752678,14.0214216164,17.2346640701,32.9292929293,41051004300,137,4,325,0,89,144,177,163,1027,495,1027,834,495,"61 ","M3304","4"
82,12604.9184515196,3533227.0851374,"41051004500",31,"0",26.477309827,4.73392099249,26.5900383142,80798.8475827,0.511073253833,15.8066623122,9.6310806399,11.0022853412,27.4843838728,41051004500,811,145,694,9,484,295,337,484,3063,1761,3062,2610,1761,"61 ","M3304","4"
83,12292.5345640316,7259402.98517339,"41051004601",1,"0",14.309255699,0,16.9726359543,111939.140909,0.47225501771,5.13595166163,25.0755287009,17.6325185389,25.2656434475,41051004601,521,0,490,8,187,913,642,428,3641,1694,3641,2887,1694,"42 ","M3302","4"
84,10835.5434147607,2828011.7018796,"41051004602",7,"0",19.9341795957,0.705218617772,18.1703470032,122844.911067,1.07398568019,8.88575458392,19.2289609779,23.7423601316,21.5990453461,41051004602,424,15,288,9,189,409,505,181,2127,838,2127,1585,838,"32 ","M2804","4"
85,7394.83914199771,1456295.19194397,"41051004700",54,"0",22.3222979552,6.62122687439,30.126984127,53961.0891492,0,5.55690957836,9.76144109056,16.6260954236,44.0767973856,41051004700,917,272,949,0,228,401,683,1079,4108,2448,4103,3150,2448,"61 ","M3304","4"
86,3922.33039492404,630870.157326706,"41051004800",49,"0",21.6236438459,2.91806958474,38.9348025712,53837.1441507,1.26518218623,9.98487140696,9.39019827909,10.4751215862,42.9655870445,41051004800,578,78,848,25,264,251,280,849,2673,1976,2644,2178,1976,"42 ","M3302","4"
87,4073.34815871336,640409.215779482,"41051004901",40,"0",31.7330210773,1.58079625293,29.4258373206,64280.2330041,6.04058518169,10.0409836066,20.8138173302,9.74824355972,36.9513921661,41051004901,1084,54,861,128,343,711,333,783,3416,2119,3416,2926,2119,"76 ","M3306","4"
88,3104.17549757197,445704.949453112,"41051004902",78,"1",36.1019736842,7.89473684211,44.732089103,35351.6903715,0,8.96381578947,9.66282894737,14.1036184211,58.2878953108,41051004902,878,192,743,0,218,235,343,1069,2432,1834,2432,1661,1834,"42 ","M3302","4"
89,4669.11499938215,702519.497846571,"41051005001",29,"0",24.7463879496,3.78112511528,17.4656386188,104734.692094,0,3.6581616969,9.03781125115,4.02705195204,32.0731707317,41051005001,805,123,521,0,119,294,131,789,3253,2460,3253,2983,2460,"38 ","M3307","4"
90,6062.59714590273,802975.95975625,"41051005002",37,"0",24.4420828905,2.97555791711,21.1251435132,69922.5673836,0,5.20722635494,3.18809776833,1.16896918172,36.7532467532,41051005002,230,28,184,0,49,30,11,283,941,770,941,871,770,"76 ","M3306","4"
91,4186.36658499909,978645.450704775,"41051005101",37,"0",30.0105207785,7.52235665439,31.0618966496,97303.9176759,3.71621621622,6.8122041031,17.9379274066,4.60284061021,30.2927927928,41051005101,1141,286,1094,99,259,682,175,807,3802,2664,3802,3522,2664,"76 ","M3306","4"
92,3504.39018633213,714695.911762711,"41051005102",23,"0",21.8915343915,4.96031746032,25.6971408401,105105.97187,0.943396226415,12.6984126984,21.4285714286,5.78703703704,23.8828202582,41051005102,662,150,728,19,384,648,175,481,3024,2014,3024,2833,2014,"38 ","M3307","4"
93,4437.74532967289,1200489.32165349,"41051005103",80,"1",24.7140381282,9.28942807626,67.6767676768,23413.9408834,7.25419664269,36.0531991373,18.8908145581,4.29809358752,49.8800959233,41051005103,713,268,1809,121,1003,545,124,832,2885,1668,2782,2673,1668,"76 ","M3306","4"
94,3404.11420985947,690214.281264347,"41051005201",75,"1",31.1541929666,11.4517583408,45.2031602709,39391.932867,0,26.1947700631,8.38593327322,5.50045085663,51.4488087572,41051005201,691,254,801,0,581,186,122,799,2218,1553,2218,1772,1553,"53 ","M3303","4"
95,3174.66147197054,586730.344291844,"41051005202",44,"0",28.7105439893,4.13028878442,28.6881896199,64573.0115762,4.24650440186,8.32773673606,12.3908663533,12.5923438549,35.9399274987,41051005202,855,123,702,82,248,369,375,694,2978,1931,2978,2447,1931,"53 ","M3303","4"
96,4717.57189300358,818336.604327683,"41051005500",73,"1",35.152190052,4.15738678545,42.2189494354,32597.2882701,6.29370629371,18.0400890869,10.5419450631,12.7691165553,56.6433566434,41051005500,947,112,860,108,486,284,344,972,2694,1716,2694,2037,1716,"32 ","M2804","4"
97,2488.56880447162,306705.826064662,"41051005601",62,"1",27.8515625,2.578125,43.463740458,35436.1925691,4.03009134874,23.6356497841,28.9453125,12.8125,44.2235357335,41051005601,713,66,911,75,602,741,328,823,2560,1861,2547,2096,1861,"53 ","M3303","4"
98,3546.57953963017,697555.078801563,"41051005602",93,"1",44.7424565681,9.84455958549,70.5045278137,28549.0194356,1.65198237885,12.7400182871,1.49344711978,65.1935385553,61.6740088106,41051005602,1468,323,545,15,418,49,2139,560,3281,908,3281,773,908,"31 ","M2803","4"
99,5584.25443658317,1543831.09832293,"41051005701",45,"0",27.9161205767,4.3250327654,24.6062992126,87075.9317722,0,3.80078636959,5.11140235911,14.9410222805,58.9595375723,41051005701,213,33,125,0,29,39,114,204,763,346,763,508,346,"44 ","M2801","4"
100,4839.68166005941,1579572.02117483,"41051005702",40,"0",28.1968967362,5.59122525415,26.3423316523,79157.4599841,3.75711574953,17.6832530765,18.2985553772,4.22685928304,34.9146110057,41051005702,1054,209,888,99,661,684,158,920,3738,2635,3738,3371,2635,"31 ","M2803","4"
101,19850.0949047871,7733460.88591031,"41051005800",31,"0",23.25727444,2.63763868537,26.4202228867,83692.9279457,4.8477048477,14.201183432,23.25727444,22.5664643081,36.0789360789,41051005800,1111,126,972,113,672,1111,1078,841,4777,2331,4732,3679,2331,"44 ","M2801","4"
102,10707.3521201631,1600442.85084112,"41051005901",51,"0",28.3523397562,4.2469524184,33.8521400778,52545.5137388,0.729335494327,8.4152575698,6.84231222965,13.0554463232,34.7649918963,41051005901,721,108,696,9,214,174,332,429,2543,1234,2543,2056,1234,"44 ","M2801","4"
103,6290.91768100046,1539142.87699246,"41051005902",31,"0",22.8962312855,2.37480640165,22.4817961165,88011.1783079,0.814332247557,14.2630325483,26.0970573051,5.80795043882,38.151465798,41051005902,887,92,741,20,539,1011,225,937,3874,2456,3779,3296,2456,"34 ","M3805","4"
104,11162.4700833762,3623321.52886818,"41051005903",30,"0",29.7230600494,0.987112695366,25.2638747021,70738.9066755,0,8.0340005484,17.000274198,15.245407184,33.862704918,41051005903,1084,36,742,0,293,620,556,661,3647,1952,3647,2937,1952,"34 ","M3805","4"
105,16372.3044596618,3698253.46659253,"41051006001",31,"0",29.6107211232,1.53158902361,18.4143222506,86799.8314876,2.8314028314,3.83877159309,15.3797064454,17.4856413529,37.4517374517,41051006001,464,24,216,22,60,241,274,291,1567,777,1563,1173,777,"44 ","M2801","4"
106,6985.60517952688,2732789.03148996,"41051006002",7,"0",12.3507616303,0.658707286949,27.0718232044,78261.9166452,0.477554918816,12.1860848086,16.0971593248,24.6603540552,23.0181470869,41051006002,300,16,490,5,296,391,599,241,2429,1047,2429,1810,1047,"37 ","M2806","4"
107,10625.9731458149,3316531.01133365,"41051006100",4,"0",15.6456953642,0,15.6883116883,103842.105954,0,4.30463576159,20.5298013245,20.3228476821,26.9116186693,41051006100,378,0,302,0,104,496,491,271,2416,1007,2416,1925,1007,"44 ","M2801","4"
108,11746.0350333238,3604250.01783651,"41051006200",17,"0",15.8314714331,3.86211299074,25.2756227031,83909.5958598,0,4.61242793081,18.5445260134,19.5659112672,20.406626506,41051006200,496,121,619,0,144,581,613,271,3133,1328,3122,2449,1328,"50 ","M3803","4"
109,19234.3988549653,17605688.1406177,"41051006300",28,"0",28.4523189161,1.58068438423,24.1286057692,100494.995343,0,5.97533437554,14.6777835678,40.5245787737,35.2839931153,41051006300,1638,91,803,0,344,845,2333,615,5757,1743,5757,3328,1743,"50 ","M3803","4"
110,15459.3651560796,12044754.2262575,"41051006402",28,"0",30.4395951929,2.97280202404,22.9383680556,96370.4116936,0.557546794106,6.84693232132,21.1258697027,26.5180265655,28.1561131023,41051006402,1925,188,1057,14,433,1336,1677,707,6324,2511,6324,4608,2511,"50 ","M3803","4"
111,8754.297685572,3808612.90939897,"41051006403",58,"0",27.7072949705,9.80969642048,47.2631923959,61183.3784787,3.02530253025,9.34452256748,10.2174898052,25.7136384232,37.9537953795,41051006403,1223,433,1442,55,412,451,1135,690,4414,1818,4409,3051,1818,"74 ","M3804","4"
112,11268.5936906695,5356918.48485898,"41051006404",45,"0",22.8393228393,4.0689040689,42.3223834989,70576.5445597,2.26843100189,13.7511137511,24.3243243243,19.6317196317,40.3906742281,41051006404,769,137,1108,36,463,819,661,641,3367,1587,3367,2618,1587,"74 ","M3804","4"
113,12180.3632730773,7401753.86866253,"41051006501",15,"0",16.2452487192,1.61956701372,40.2842549412,89508.4159145,0,12.4111717072,20.8064782681,24.7892910263,23.7619642114,41051006501,983,98,1814,0,751,1259,1500,571,6051,2403,6051,4503,2403,"57 ","M2805","4"
114,10005.883160471,3907936.29065001,"41051006502",30,"0",15.6702713732,3.46867986125,40.2770378263,63775.4294148,0.748440748441,12.4872475005,12.5484594981,15.874311365,27.1101871102,41051006502,768,170,1512,18,612,615,778,652,4901,2405,4901,3754,2405,"37 ","M2806","4"
115,7372.15484268486,3203202.1719834,"41051006601",22,"0",12.672476398,4.1394335512,29.4170403587,89739.0496051,0,5.84218512898,25.8169934641,16.9934640523,29.3250581846,41051006601,349,114,656,0,154,711,468,378,2754,1289,2636,2230,1289,"57 ","M2805","4"
116,10212.6370355231,5123303.21508465,"41051006602",50,"0",35.4368078748,6.38073475127,37.7515614157,66857.2458954,0.745473908413,9.31622429249,18.0348040077,20.1265600281,33.6173233937,41051006602,2016,363,1632,21,530,1026,1145,947,5689,2817,5689,4323,2817,"37 ","M2806","4"
117,8718.19151601711,3769391.21531851,"41051006701",26,"0",26.4914353219,3.01240401654,31.8635607321,86621.5406932,0.56657223796,10.7372285102,20.0236266982,26.9639692853,25.566572238,41051006701,897,102,766,8,351,678,913,361,3386,1412,3269,2404,1412,"57 ","M2805","4"
118,8839.74119082717,2820182.68972409,"41051006702",44,"0",17.7215189873,3.03797468354,35.7458785686,58240.0892895,0.865800865801,6.86306247977,19.3987341772,21.2974683544,43.4343434343,41051006702,560,96,889,12,212,613,673,602,3160,1386,3089,2487,1386,"57 ","M2805","4"
119,6661.88829250107,2893553.78043945,"41051006801",37,"0",18.3074265976,2.84974093264,34.0645947593,62990.6804061,0,13.7737478411,18.2642487047,24.3955094991,36.3020329138,41051006801,424,66,559,0,319,423,565,375,2316,1033,2316,1641,1033,"32 ","M2804","4"
120,10268.467632438,4530200.88174429,"41051006802",29,"0",17.8421052632,3.44736842105,23.2440822662,81558.3389664,2.49839846252,10.2395367202,16.3947368421,27.7631578947,36.1947469571,41051006802,678,131,599,39,389,623,1055,565,3800,1561,3799,2577,1561,"32 ","M2804","4"
121,14746.9535622536,9638007.68188148,"41051006900",2,"0",18.2739343117,0,20.8233604596,131640.993378,0,5.20614954577,16.8413696716,24.5981830887,22.5916453538,41051006900,523,0,435,0,149,482,704,265,2862,1173,2862,2089,1173,"42 ","M3302","4"
122,13234.6606673758,7126336.60092931,"41051007001",29,"0",41.4165018875,4.06255617473,14.6613743488,108218.313235,0,2.53460363113,12.043861226,25.8673377674,20.7612456747,41051007001,2304,226,591,0,141,670,1439,480,5563,2312,5563,4031,2312,"61 ","M3304","4"
123,70319.7831209009,64756861.7720056,"41051007002",24,"0",33.6077308518,2.29062276306,20.0575815739,139408.499024,0,3.36435218325,14.9964209019,23.7294201861,25.5901794145,41051007002,939,64,418,0,94,419,663,271,2794,1059,2794,2084,1059,"10 ","M3301","4"
124,33720.7164427173,26149703.1518355,"41051007201",64,"1",32.5138778747,6.50277557494,63.2210429165,54099.1635987,1.21673003802,14.8295003965,29.1435368755,9.83346550357,34.4486692015,41051007201,820,164,1370,16,374,735,248,453,2522,1315,2522,2167,1315,"49 ","M4402","2"
125,50281.6652877229,68340528.5158988,"41051007202",77,"1",51.299879081,13.2708585248,61.2220447284,55013.1907881,1.62544169611,12.9987908102,16.5054413543,21.0096735187,39.4346289753,41051007202,1697,439,1533,23,430,546,695,558,3308,1415,3308,2504,1415,"49 ","M4402","2"
126,41146.0904037251,64074962.7631847,"41051007300",100,"1",43.906020558,12.5550660793,96.7502321263,24979.3754403,2.87356321839,28.7456445993,7.1953010279,13.9500734214,53.4482758621,41051007300,598,171,1042,5,165,98,190,93,1362,174,574,1077,174,"33 ","M4407","1"
127,8124.99120783575,2962952.45908454,"41051007400",85,"1",55.8631496474,27.814050666,57.4957410562,41608.3604728,3.34059549746,9.72549019608,9.53251501698,27.970749543,41.975308642,41051007400,2139,1065,1350,46,372,365,1071,578,3829,1377,3825,2348,1377,"4 ","M4406","2"
128,9640.90879014424,4403761.31851962,"41051007500",68,"1",35.5550838463,11.6111229038,48.1251685999,53476.5143786,0.603925515853,9.40411700975,8.72426236468,19.3164933135,38.7518872672,41051007500,1675,547,1784,12,434,411,910,770,4711,1987,4615,3707,1987,"4 ","M4406","2"
129,7527.47822407159,3260481.49375866,"41051007600",76,"1",46.402266289,11.3314447592,50.9381237525,43693.7344567,11.1440426793,8.10198300283,9.68838526912,27.3654390935,37.2851215175,41051007600,1638,400,1276,188,286,342,966,629,3530,1687,3530,2505,1687,"30 ","M4503","3"
130,7119.37438746128,2232767.2674625,"41051007700",68,"1",53.5524407927,19.0913484775,59.3406593407,52843.6173722,3.04396843292,13.0266343826,15.0797486709,14.7414209763,27.1702367531,41051007700,1108,395,1026,27,269,312,305,241,2069,887,2065,1729,887,"20 ","M4508","1"
131,11133.1308987894,2283330.73007438,"41051007800",67,"1",31.2121212121,6.46464646465,67.8358702846,49538.487992,5.95399188092,18.2828282828,12.0202020202,22.6262626263,33.4235453315,41051007800,618,128,1025,44,362,238,448,247,1980,739,1980,1511,739,"20 ","M4508","1"
132,8919.3041718047,4135034.46555651,"41051007900",88,"1",47.1299093656,13.1768533581,68.9494886892,40732.0976952,4.20997920998,12.3867069486,14.7106669765,21.752265861,44.6465696466,41051007900,2028,567,2225,81,533,633,936,859,4303,1924,4303,3227,1924,"20 ","M4508","1"
133,7272.17876667971,2928603.46188516,"41051008001",84,"1",45.1940850277,12.5385089341,66.6237666238,45642.0799148,4.4065387349,24.3992606285,22.8897104128,23.8447319778,44.9182658138,41051008001,1467,407,1553,62,792,743,774,632,3246,1407,3246,2331,1407,"18 ","M4705","1"
134,6856.62168495141,2709040.70324456,"41051008002",82,"1",44.8361162647,7.48299319728,71.5890183028,42727.3092505,6.48648648649,15.8720200753,19.2640692641,21.3667285096,37.2972972973,41051008002,1450,242,1721,72,506,623,691,414,3234,1110,3188,2404,1110,"18 ","M4705","1"
135,10971.8724684696,5717925.9766786,"41051008100",94,"1",46.2858574471,15.9213328323,71.8134034166,31380.8942823,11.4942528736,20.1014832162,14.5559313541,20.9570336966,51.9726623175,41051008100,3695,1271,4372,370,1545,1162,1673,1673,7983,3219,7686,6088,3219,"39 ","M4707","1"
136,9465.01481507429,4292128.2785438,"41051008201",83,"1",47.5825471698,8.72641509434,62.6315789474,38357.3815636,6.2962962963,18.8763376932,22.9363207547,26.4150943396,39.8518518519,41051008201,1614,296,1547,85,635,778,896,538,3392,1350,3364,2470,1350,"15 ","M4702","1"
137,7538.21737306454,3474023.38613418,"41051008203",92,"1",41.5954933673,10.5760494276,76.0804769001,39174.1979939,12.6133909287,17.2489082969,19.2803925132,25.6223877885,51.2742980562,41051008203,2289,582,3063,292,948,1061,1410,1187,5503,2315,5496,4026,2315,"13 ","M4708","1"
138,4664.23718515504,1358194.58607211,"41051008204",93,"1",47.3404255319,5.80673758865,88.0434782609,41228.1023263,4.96368038741,11.1759425494,10.3723404255,25.0443262411,47.5786924939,41051008204,1068,131,1458,41,249,234,565,393,2256,826,2228,1656,826,"13 ","M4708","1"
139,7496.13008318992,3343906.59537952,"41051008301",88,"1",59.6256684492,10.6465726787,71.1269892822,41285.9731304,23.5649546828,17.9387457462,14.4141954302,18.5950413223,40.4833836858,41051008301,2453,438,2190,390,738,593,765,670,4114,1655,4114,3079,1655,"11 ","M4606","1"
140,8551.03460895807,4513090.73657286,"41051008302",85,"1",46.5876505448,6.74823169566,74.1313720517,40475.8179268,8.34845735027,19.9328991514,22.5004779201,19.1932708851,38.354506957,41051008302,2437,353,2923,138,1010,1177,1004,634,5231,1653,5067,3943,1653,"9 ","M4802","1"
141,6885.07855290601,2639874.37692754,"41051008400",83,"1",40.0778210117,2.68050151319,78.672985782,29482.5,14.2695356738,20.311486048,15.9749243407,23.1085170774,44.9037372593,41051008400,1854,124,2656,252,939,739,1069,793,4626,1766,4623,3376,1766,"9 ","M4802","1"
142,8601.70893296661,4474970.25598554,"41051008500",73,"1",41.394625805,2.24294914501,75.5982473879,43061.5685296,8.89328063241,14.9496336996,11.5922718188,29.9355984899,36.8906455863,41051008500,1864,101,2243,135,653,522,1348,560,4503,1518,4368,2967,1518,"9 ","M4802","1"
143,6857.90573755798,2616356.97716116,"41051008600",85,"1",39.3611793612,5.97051597052,75.9082892416,38347.610095,9.06832298137,15.5282555283,11.5479115479,26.1670761671,41.801242236,41051008600,1602,243,2152,146,632,470,1065,673,4070,1610,4070,2835,1610,"54 ","M4605","1"
144,8469.03359876866,3415601.88334395,"41051008700",71,"1",34.5491803279,2.8893442623,66.3116591928,50075.5447886,1.39977603583,15.1639344262,8.75,22.4795081967,49.1601343785,41051008700,1686,141,2366,25,740,427,1097,878,4880,1786,4880,3568,1786,"51 ","M4604","3"
145,8604.29333455236,3362229.97681832,"41051008800",71,"1",29.5586808923,3.3462657614,62.913057427,44210.182502,4.44862155388,16.1493695441,15.6886517944,21.3142580019,50.4385964912,41051008800,1219,138,1961,71,666,647,879,805,4124,1596,4124,3117,1596,"51 ","M4604","3"
146,10325.5684565088,6127725.7812326,"41051008902",81,"1",41.2058023572,14.3472348141,74.5448738422,43981.6820023,1.91961607678,19.4975800876,9.17951042611,25.8386219402,33.8332333533,41051008902,1818,633,2334,32,846,405,1140,564,4412,1667,4339,3131,1667,"1 ","M4607","1"
147,19172.867262076,12600619.146416,"41051008903",34,"0",28.6457291458,0.460092018404,62.6016260163,72410.2486106,6.90521029504,14.110798876,15.8231646329,25.9851970394,30.194601381,41051008903,1432,23,2233,110,703,791,1299,481,4999,1593,4982,3567,1593,"63 ","M4804","1"
148,12395.3122675186,7196682.34647267,"41051008904",90,"1",45.9861450693,7.9054604727,71.4163090129,39066.5764935,12.7164179104,12.2196604485,17.6039119804,25.0611246944,50.0895522388,41051008904,2257,388,2496,213,583,864,1230,839,4908,1675,4771,3495,1675,"29 ","M4803","1"
149,8054.94766471342,3355453.71725537,"41051009001",90,"1",48.0079322156,5.8409951325,83.829787234,41595.8704959,14.3780290792,10.9596610794,14.404182441,28.3216152875,42.380183091,41051009001,2663,324,3152,267,595,799,1571,787,5547,1857,5429,3760,1857,"63 ","M4804","1"
150,6461.37850952045,2330048.76079711,"41051009002",97,"1",48.7884741323,10.9583060467,80.701754386,37854.2629533,9.49656750572,22.0810514786,8.64440078585,33.7699192316,50.7437070938,41051009002,2235,502,2346,166,1008,396,1547,887,4581,1748,4565,2907,1748,"29 ","M4803","1"
151,8705.09469377803,3238653.67103561,"41051009101",96,"1",47.3885960709,8.25746685833,82.3741007194,34744.058728,10.9905660377,18.1555733761,10.3178406005,30.6660277911,46.7924528302,41051009101,2967,517,3435,233,1132,646,1920,992,6261,2120,6235,4170,2120,"24 ","M4806","1"
152,12954.7319238221,10680346.0377173,"41051009102",89,"1",44.9371766445,11.1308203991,76.6357256056,43323.8432276,5.61797752809,12.501849386,12.6237989653,33.4663710273,41.9187554019,41051009102,3040,753,3385,130,845,854,2264,970,6765,2314,6759,4417,2314,"24 ","M4806","1"
153,8093.45845485374,3314119.91859781,"41051009202",99,"1",45.7264231096,9.97451146984,83.1704410012,23617.4009807,7.52501087429,12.6905292002,14.7153780799,25.7943925234,59.0691605046,41051009202,2691,587,3489,173,741,866,1518,1358,5885,2299,5839,4195,2299,"48 ","M4709","1"
154,8056.03895987284,2980002.29206584,"41051009203",83,"1",41.1879259981,4.41415124959,63.9524245197,29226.5392266,0.0826446280992,15.2872444012,9.50989938332,24.7971437845,50.7438016529,41051009203,1269,136,1398,1,471,293,764,614,3081,1210,3081,2186,1210,"13 ","M4708","1"
155,7597.82290681842,2463837.6448287,"41051009204",90,"1",55.4875176637,22.2091380122,76.9330313814,46664.1237785,5.96643878185,13.5820181731,9.23221855864,21.6439001413,40.7085146053,41051009204,2356,943,2378,96,568,392,919,655,4246,1609,4182,3091,1609,"13 ","M4708","1"
156,7864.82171514686,3495884.48575216,"41051009301",87,"1",56.2322678267,2.08057499527,78.2939632546,33509.8501107,7.01932858596,26.3367463026,12.5023642898,25.1749574428,53.4587995931,41051009301,2973,110,2983,138,1389,661,1331,1051,5287,1966,5274,3810,1966,"35 ","M4703","1"
157,9862.05417862648,5540803.30859046,"41051009302",80,"1",36.9224422442,7.42574257426,70.8025198576,43659.0557137,4.70645317807,15.3220762977,11.7574257426,20.647689769,40.8054342552,41051009302,1790,360,2585,97,735,570,1001,841,4848,2061,4797,3651,2061,"58 ","M4706","1"
158,12837.1108039699,7691426.57923191,"41051009400",67,"1",29.8498407402,6.64340967693,60.4625751229,48875.0266104,4.02200068752,18.4331797235,37.0089488852,13.3171545579,36.78239945,41051009400,1968,438,3320,117,1200,2440,878,1070,6593,2909,6510,5491,2909,"58 ","M4706","1"
159,12729.0640273004,3749767.12239861,"41051009501",87,"1",60.4617899469,16.6530445443,70.2860658259,44178.541405,2.94261893085,14.8753575807,21.352676747,27.7891295464,40.0686611084,41051009501,2959,815,2285,60,728,1045,1360,817,4894,2039,4894,3251,2039,"35 ","M4703","1"
160,7828.93075697479,3343757.55232522,"41051009502",85,"1",42.437337943,14.261019879,61.3328451117,42438.4126033,4.6204620462,11.4492753623,26.1307980409,18.8994526073,49.3069306931,41051009502,1473,495,1675,70,395,907,656,747,3471,1515,3450,2731,1515,"20 ","M4508","1"
161,7834.86103339711,3709940.79485929,"41051009701",94,"1",39.2302917443,20.1531140079,84.6540880503,40747.1361351,6.43827525103,19.3992490613,13.5112766398,29.7951582868,47.4305965741,41051009701,1896,974,2692,109,930,653,1440,803,4833,1693,4794,3180,1693,"8 ","M4704","1"
162,7286.22721447404,3057328.75090527,"41051009703",93,"1",48.0584551148,11.5657620042,84.5857418112,38147.1764949,8.36177474403,16.1924686192,20.2713987474,20.1878914405,37.7133105802,41051009703,2302,554,3073,147,774,971,967,663,4790,1758,4780,3633,1758,"8 ","M4704","1"
163,6229.33507687828,2364576.62580735,"41051009804",85,"1",44.8162533612,12.1302659098,82.927852349,45798.1580241,11.7235345582,16.2178336326,13.1759784882,24.9775918733,34.7331583552,41051009804,1500,406,1977,134,542,441,836,397,3347,1143,3342,2384,1143,"24 ","M4806","1"
164,2997.50215857098,409521.897835926,"41051010601",70,"1",21.3715046605,7.65645805593,60.9195402299,30075.1142974,5.69727891156,44.0960640427,29.4274300932,11.6511318242,40.306122449,41051010601,321,115,795,67,661,442,175,474,1502,1176,1499,1305,1176,"53 ","M3303","4"
165,5843.21909524041,2078235.28309351,"41051010602",73,"1",31.6861946001,16.5053489557,75.9446514103,70959.4971964,0,41.8103448276,16.3015792155,2.34335201223,49.9591169256,41051010602,622,324,1427,0,679,320,46,611,1963,1223,1624,1879,1223,"53 ","M3303","4"
